Workbook

Sheet Grupo
B2: Nome do Aluno

Sheet Etapa 1 - Requisitos
A1: ETAPA 1 — ESTABELECER REQUISITOS (ISO/IEC 14598)
A3: Campo | B3: Descrição
A4: Objetivo da Avaliação
A5: Produto Avaliado
A6: Módulo / Escopo
A7: Características a serem avaliadas (ISO 25010)

Sheet Etapa 2 - Métricas
A1: ETAPA 2 — ESPECIFICAR A AVALIAÇÃO (Métricas e Critérios)
A3: Métrica | B3: Escala | C3: Critério (Meta) | D3: Resultado | E3: Status | G3: Resumo
A4: Tempo de resposta | B4: segundos (s) | C4: 2 | E4: =IF(OR($A4="Tempo de resposta",$A4="Taxa de erro"),IF($D4<=$C4,"OK","NÃO"),IF($A4="Satisfação do usuário",IF($D4>=$C4,"OK","NÃO"),"")) -> OK | G4: Total OK | H4: =COUNTIF(E4:E15,"OK") -> 2
A5: Taxa de erro | B5: % | C5: 1 | E5: =IF(OR($A5="Tempo de resposta",$A5="Taxa de erro"),IF($D5<=$C5,"OK","NÃO"),IF($A5="Satisfação do usuário",IF($D5>=$C5,"OK","NÃO"),"")) -> OK | G5: Total NÃO | H5: =COUNTIF(E4:E15,"NÃO") -> 1
A6: Satisfação do usuário | B6: 0 a 10 | C6: 8 | E6: =IF(OR($A6="Tempo de resposta",$A6="Taxa de erro"),IF($D6<=$C6,"OK","NÃO"),IF($A6="Satisfação do usuário",IF($D6>=$C6,"OK","NÃO"),"")) -> NÃO
E7: =IF(OR($A7="Tempo de resposta",$A7="Taxa de erro"),IF($D7<=$C7,"OK","NÃO"),IF($A7="Satisfação do usuário",IF($D7>=$C7,"OK","NÃO"),""))
E8: =IF(OR($A8="Tempo de resposta",$A8="Taxa de erro"),IF($D8<=$C8,"OK","NÃO"),IF($A8="Satisfação do usuário",IF($D8>=$C8,"OK","NÃO"),""))
E9: =IF(OR($A9="Tempo de resposta",$A9="Taxa de erro"),IF($D9<=$C9,"OK","NÃO"),IF($A9="Satisfação do usuário",IF($D9>=$C9,"OK","NÃO"),""))
E10: =IF(OR($A10="Tempo de resposta",$A10="Taxa de erro"),IF($D10<=$C10,"OK","NÃO"),IF($A10="Satisfação do usuário",IF($D10>=$C10,"OK","NÃO"),""))
E11: =IF(OR($A11="Tempo de resposta",$A11="Taxa de erro"),IF($D11<=$C11,"OK","NÃO"),IF($A11="Satisfação do usuário",IF($D11>=$C11,"OK","NÃO"),""))
E12: =IF(OR($A12="Tempo de resposta",$A12="Taxa de erro"),IF($D12<=$C12,"OK","NÃO"),IF($A12="Satisfação do usuário",IF($D12>=$C12,"OK","NÃO"),""))
E13: =IF(OR($A13="Tempo de resposta",$A13="Taxa de erro"),IF($D13<=$C13,"OK","NÃO"),IF($A13="Satisfação do usuário",IF($D13>=$C13,"OK","NÃO"),""))
E14: =IF(OR($A14="Tempo de resposta",$A14="Taxa de erro"),IF($D14<=$C14,"OK","NÃO"),IF($A14="Satisfação do usuário",IF($D14>=$C14,"OK","NÃO"),""))
E15: =IF(OR($A15="Tempo de resposta",$A15="Taxa de erro"),IF($D15<=$C15,"OK","NÃO"),IF($A15="Satisfação do usuário",IF($D15>=$C15,"OK","NÃO"),""))

Sheet Etapa 3 - Plano
A1: ETAPA 3 — PROJETAR A AVALIAÇÃO (Plano)
A3: Item | B3: Descrição
A4: Equipe Avaliadora
A5: Método de Avaliação
A6: Ferramentas
A7: Período

Sheet Etapa 4 - Resultados
A1: ETAPA 4 — EXECUTAR A AVALIAÇÃO (Resultados)
A3: Métrica | B3: Resultado | C3: Critério | D3: Status | F3: Decisão Final
A4: ='Etapa 2 - Métricas'!A4 -> Tempo de resposta | B4: ='Etapa 2 - Métricas'!D4 -> 0 | C4: ='Etapa 2 - Métricas'!C4 -> 2 | D4: =IF(OR($A4="Tempo de resposta",$A4="Taxa de erro"),IF($B4<=$C4,"OK","NÃO"),IF($A4="Satisfação do usuário",IF($B4>=$C4,"OK","NÃO"),"")) -> OK | F4: =IF(COUNTIF(D4:D15,"NÃO")>0,"NÃO APROVADO","APROVADO") -> NÃO APROVADO
A5: ='Etapa 2 - Métricas'!A5 -> Taxa de erro | B5: ='Etapa 2 - Métricas'!D5 -> 0 | C5: ='Etapa 2 - Métricas'!C5 -> 1 | D5: =IF(OR($A5="Tempo de resposta",$A5="Taxa de erro"),IF($B5<=$C5,"OK","NÃO"),IF($A5="Satisfação do usuário",IF($B5>=$C5,"OK","NÃO"),"")) -> OK
A6: ='Etapa 2 - Métricas'!A6 -> Satisfação do usuário | B6: ='Etapa 2 - Métricas'!D6 -> 0 | C6: ='Etapa 2 - Métricas'!C6 -> 8 | D6: =IF(OR($A6="Tempo de resposta",$A6="Taxa de erro"),IF($B6<=$C6,"OK","NÃO"),IF($A6="Satisfação do usuário",IF($B6>=$C6,"OK","NÃO"),"")) -> NÃO
A7: ='Etapa 2 - Métricas'!A7 -> 0 | B7: ='Etapa 2 - Métricas'!D7 -> 0 | C7: ='Etapa 2 - Métricas'!C7 -> 0 | D7: =IF(OR($A7="Tempo de resposta",$A7="Taxa de erro"),IF($B7<=$C7,"OK","NÃO"),IF($A7="Satisfação do usuário",IF($B7>=$C7,"OK","NÃO"),""))
A8: ='Etapa 2 - Métricas'!A8 -> 0 | B8: ='Etapa 2 - Métricas'!D8 -> 0 | C8: ='Etapa 2 - Métricas'!C8 -> 0 | D8: =IF(OR($A8="Tempo de resposta",$A8="Taxa de erro"),IF($B8<=$C8,"OK","NÃO"),IF($A8="Satisfação do usuário",IF($B8>=$C8,"OK","NÃO"),""))
A9: ='Etapa 2 - Métricas'!A9 -> 0 | B9: ='Etapa 2 - Métricas'!D9 -> 0 | C9: ='Etapa 2 - Métricas'!C9 -> 0 | D9: =IF(OR($A9="Tempo de resposta",$A9="Taxa de erro"),IF($B9<=$C9,"OK","NÃO"),IF($A9="Satisfação do usuário",IF($B9>=$C9,"OK","NÃO"),""))
A10: ='Etapa 2 - Métricas'!A10 -> 0 | B10: ='Etapa 2 - Métricas'!D10 -> 0 | C10: ='Etapa 2 - Métricas'!C10 -> 0 | D10: =IF(OR($A10="Tempo de resposta",$A10="Taxa de erro"),IF($B10<=$C10,"OK","NÃO"),IF($A10="Satisfação do usuário",IF($B10>=$C10,"OK","NÃO"),""))
A11: ='Etapa 2 - Métricas'!A11 -> 0 | B11: ='Etapa 2 - Métricas'!D11 -> 0 | C11: ='Etapa 2 - Métricas'!C11 -> 0 | D11: =IF(OR($A11="Tempo de resposta",$A11="Taxa de erro"),IF($B11<=$C11,"OK","NÃO"),IF($A11="Satisfação do usuário",IF($B11>=$C11,"OK","NÃO"),""))
A12: ='Etapa 2 - Métricas'!A12 -> 0 | B12: ='Etapa 2 - Métricas'!D12 -> 0 | C12: ='Etapa 2 - Métricas'!C12 -> 0 | D12: =IF(OR($A12="Tempo de resposta",$A12="Taxa de erro"),IF($B12<=$C12,"OK","NÃO"),IF($A12="Satisfação do usuário",IF($B12>=$C12,"OK","NÃO"),""))
A13: ='Etapa 2 - Métricas'!A13 -> 0 | B13: ='Etapa 2 - Métricas'!D13 -> 0 | C13: ='Etapa 2 - Métricas'!C13 -> 0 | D13: =IF(OR($A13="Tempo de resposta",$A13="Taxa de erro"),IF($B13<=$C13,"OK","NÃO"),IF($A13="Satisfação do usuário",IF($B13>=$C13,"OK","NÃO"),""))
A14: ='Etapa 2 - Métricas'!A14 -> 0 | B14: ='Etapa 2 - Métricas'!D14 -> 0 | C14: ='Etapa 2 - Métricas'!C14 -> 0 | D14: =IF(OR($A14="Tempo de resposta",$A14="Taxa de erro"),IF($B14<=$C14,"OK","NÃO"),IF($A14="Satisfação do usuário",IF($B14>=$C14,"OK","NÃO"),""))
A15: ='Etapa 2 - Métricas'!A15 -> 0 | B15: ='Etapa 2 - Métricas'!D15 -> 0 | C15: ='Etapa 2 - Métricas'!C15 -> 0 | D15: =IF(OR($A15="Tempo de resposta",$A15="Taxa de erro"),IF($B15<=$C15,"OK","NÃO"),IF($A15="Satisfação do usuário",IF($B15>=$C15,"OK","NÃO"),""))
